Timestamp,Mode,Exercise,Difficulty,UserAnswer,CorrectAnswer,Status,TimeTaken,Points
2026-03-09T15:14:48.598777,Cash Counting,Cash Counting,Hard,63.0,63,Correct,18.09,32
2026-03-09T15:15:59.662203,Billing Calculation,Billing Calculation,Medium,1000.0,1000,Correct,8.46,27
2026-03-09T15:21:23.107678,Cash Counting,Cash Counting,Medium,30.0,27,Incorrect,8.93,0
2026-03-09T15:30:54.602747,Cash Counting,Cash Counting,Medium,0.0,0,Timeout,45.0,0
2026-03-09T15:30:54.660131,Cash Counting,Cash Counting,Medium,0.0,0,Timeout,45.0,0
2026-03-09T15:30:54.718407,Cash Counting,Cash Counting,Medium,0.0,0,Timeout,45.0,0
2026-03-09T15:30:54.779554,Cash Counting,Cash Counting,Medium,0.0,0,Timeout,45.0,0
2026-03-09T15:30:54.843759,Cash Counting,Cash Counting,Medium,0.0,0,Timeout,45.0,0
2026-03-09T15:30:54.951926,Cash Counting,Cash Counting,Medium,0.0,0,Timeout,45.0,0
2026-03-09T15:30:55.012390,Cash Counting,Cash Counting,Medium,0.0,0,Timeout,45.0,0
2026-03-09T15:30:55.072128,Cash Counting,Cash Counting,Medium,0.0,0,Timeout,45.0,0
2026-03-09T15:30:55.129080,Cash Counting,Cash Counting,Medium,0.0,0,Timeout,45.0,0
2026-03-09T15:30:55.182448,Cash Counting,Cash Counting,Medium,0.0,0,Timeout,45.0,0
2026-03-09T15:30:55.236330,Cash Counting,Cash Counting,Medium,0.0,0,Timeout,45.0,0
2026-03-09T15:30:55.296034,Cash Counting,Cash Counting,Medium,0.0,0,Timeout,45.0,0
2026-03-09T15:30:55.353428,Cash Counting,Cash Counting,Medium,0.0,0,Timeout,45.0,0
2026-03-09T15:30:55.414502,Cash Counting,Cash Counting,Medium,0.0,0,Timeout,45.0,0
2026-03-09T15:30:55.469753,Cash Counting,Cash Counting,Medium,0.0,0,Timeout,45.0,0
2026-03-09T15:30:55.527935,Cash Counting,Cash Counting,Medium,0.0,0,Timeout,45.0,0
2026-03-09T15:30:55.585128,Cash Counting,Cash Counting,Medium,0.0,0,Timeout,45.0,0
2026-03-09T15:30:55.643108,Cash Counting,Cash Counting,Medium,0.0,0,Timeout,45.0,0
2026-03-09T15:30:55.706107,Cash Counting,Cash Counting,Medium,0.0,0,Timeout,45.0,0
2026-03-09T15:30:55.764266,Cash Counting,Cash Counting,Medium,0.0,0,Timeout,45.0,0
2026-03-09T15:30:55.815931,Cash Counting,Cash Counting,Medium,0.0,0,Timeout,45.0,0
2026-03-09T15:30:55.870045,Cash Counting,Cash Counting,Medium,0.0,0,Timeout,45.0,0
2026-03-09T15:30:55.929111,Cash Counting,Cash Counting,Medium,0.0,0,Timeout,45.0,0
2026-03-09T15:30:55.991619,Cash Counting,Cash Counting,Medium,0.0,0,Timeout,45.0,0
2026-03-09T15:30:56.051003,Cash Counting,Cash Counting,Medium,0.0,0,Timeout,45.0,0
2026-03-09T15:30:56.213064,Cash Counting,Cash Counting,Medium,0.0,0,Timeout,45.0,0
2026-03-09T15:30:56.267852,Cash Counting,Cash Counting,Medium,0.0,0,Timeout,45.0,0
2026-03-09T15:30:56.325285,Cash Counting,Cash Counting,Medium,0.0,0,Timeout,45.0,0
2026-03-09T15:30:56.380752,Cash Counting,Cash Counting,Medium,0.0,0,Timeout,45.0,0
2026-03-09T15:30:56.492657,Cash Counting,Cash Counting,Medium,0.0,0,Timeout,45.0,0
2026-03-09T15:30:56.546573,Cash Counting,Cash Counting,Medium,0.0,0,Timeout,45.0,0
2026-03-09T15:30:56.604991,Cash Counting,Cash Counting,Medium,0.0,0,Timeout,45.0,0
2026-03-09T15:30:56.663891,Cash Counting,Cash Counting,Medium,0.0,0,Timeout,45.0,0
2026-03-09T15:30:56.719582,Cash Counting,Cash Counting,Medium,0.0,0,Timeout,45.0,0
2026-03-09T15:30:56.780471,Cash Counting,Cash Counting,Medium,0.0,0,Timeout,45.0,0
2026-03-09T15:30:56.836495,Cash Counting,Cash Counting,Medium,0.0,0,Timeout,45.0,0
2026-03-09T15:30:56.898633,Cash Counting,Cash Counting,Medium,0.0,0,Timeout,45.0,0
2026-03-09T15:30:56.950527,Cash Counting,Cash Counting,Medium,0.0,0,Timeout,45.0,0
2026-03-09T15:30:57.003707,Cash Counting,Cash Counting,Medium,0.0,0,Timeout,45.0,0
2026-03-09T15:30:57.057529,Cash Counting,Cash Counting,Medium,0.0,0,Timeout,45.0,0
2026-03-09T15:30:57.112306,Cash Counting,Cash Counting,Medium,0.0,0,Timeout,45.0,0
2026-03-09T15:30:57.169774,Cash Counting,Cash Counting,Medium,0.0,0,Timeout,45.0,0
2026-03-09T15:30:57.225558,Cash Counting,Cash Counting,Medium,0.0,0,Timeout,45.0,0
2026-03-09T15:30:57.277419,Cash Counting,Cash Counting,Medium,0.0,0,Timeout,45.0,0
2026-03-09T15:30:57.330195,Cash Counting,Cash Counting,Medium,0.0,0,Timeout,45.0,0
2026-03-09T15:30:57.382087,Cash Counting,Cash Counting,Medium,0.0,0,Timeout,45.0,0
2026-03-09T15:30:57.438795,Cash Counting,Cash Counting,Medium,0.0,0,Timeout,45.0,0
2026-03-09T15:30:57.497168,Cash Counting,Cash Counting,Medium,0.0,0,Timeout,45.0,0
2026-03-09T15:30:57.555506,Cash Counting,Cash Counting,Medium,0.0,0,Timeout,45.0,0
2026-03-09T15:30:57.609805,Cash Counting,Cash Counting,Medium,0.0,0,Timeout,45.0,0
2026-03-09T15:30:57.666611,Cash Counting,Cash Counting,Medium,0.0,0,Timeout,45.0,0
2026-03-09T15:30:57.724273,Cash Counting,Cash Counting,Medium,0.0,0,Timeout,45.0,0
2026-03-09T15:30:57.781829,Cash Counting,Cash Counting,Medium,0.0,0,Timeout,45.0,0
2026-03-09T15:30:57.837076,Cash Counting,Cash Counting,Medium,0.0,0,Timeout,45.0,0
2026-03-09T15:30:57.896973,Cash Counting,Cash Counting,Medium,0.0,0,Timeout,45.0,0
2026-03-09T15:30:57.954948,Cash Counting,Cash Counting,Medium,0.0,0,Timeout,45.0,0
2026-03-09T15:30:58.016822,Cash Counting,Cash Counting,Medium,0.0,0,Timeout,45.0,0
2026-03-09T15:30:58.080817,Cash Counting,Cash Counting,Medium,0.0,0,Timeout,45.0,0
2026-03-09T15:30:58.132183,Cash Counting,Cash Counting,Medium,0.0,0,Timeout,45.0,0
2026-03-09T15:30:58.187090,Cash Counting,Cash Counting,Medium,0.0,0,Timeout,45.0,0
2026-03-09T15:30:58.244793,Cash Counting,Cash Counting,Medium,0.0,0,Timeout,45.0,0
2026-03-09T15:30:58.298177,Cash Counting,Cash Counting,Medium,0.0,0,Timeout,45.0,0
2026-03-09T15:30:58.350306,Cash Counting,Cash Counting,Medium,0.0,0,Timeout,45.0,0
2026-03-09T15:30:58.406391,Cash Counting,Cash Counting,Medium,0.0,0,Timeout,45.0,0
2026-03-09T15:30:58.458561,Cash Counting,Cash Counting,Medium,0.0,0,Timeout,45.0,0
2026-03-09T15:30:58.513352,Cash Counting,Cash Counting,Medium,0.0,0,Timeout,45.0,0
2026-03-09T15:30:58.567672,Cash Counting,Cash Counting,Medium,0.0,0,Timeout,45.0,0
2026-03-09T15:30:58.626298,Cash Counting,Cash Counting,Medium,0.0,0,Timeout,45.0,0
2026-03-09T15:30:58.679081,Cash Counting,Cash Counting,Medium,0.0,0,Timeout,45.0,0
2026-03-09T15:30:58.733515,Cash Counting,Cash Counting,Medium,0.0,0,Timeout,45.0,0
2026-03-09T15:30:58.793832,Cash Counting,Cash Counting,Medium,0.0,0,Timeout,45.0,0
2026-03-09T15:30:58.851989,Cash Counting,Cash Counting,Medium,0.0,0,Timeout,45.0,0
2026-03-09T15:30:58.918053,Cash Counting,Cash Counting,Medium,0.0,0,Timeout,45.0,0
2026-03-09T15:30:58.980286,Cash Counting,Cash Counting,Medium,0.0,0,Timeout,45.0,0
2026-03-09T15:30:59.040127,Cash Counting,Cash Counting,Medium,0.0,0,Timeout,45.0,0
2026-03-09T15:30:59.098162,Cash Counting,Cash Counting,Medium,0.0,0,Timeout,45.0,0
2026-03-09T15:30:59.158766,Cash Counting,Cash Counting,Medium,0.0,0,Timeout,45.0,0
2026-03-09T15:30:59.215934,Cash Counting,Cash Counting,Medium,0.0,0,Timeout,45.0,0
2026-03-09T15:30:59.276076,Cash Counting,Cash Counting,Medium,0.0,0,Timeout,45.0,0
2026-03-09T15:30:59.335864,Cash Counting,Cash Counting,Medium,0.0,0,Timeout,45.0,0
2026-03-09T15:30:59.393628,Cash Counting,Cash Counting,Medium,0.0,0,Timeout,45.0,0
2026-03-09T15:30:59.453405,Cash Counting,Cash Counting,Medium,0.0,0,Timeout,45.0,0
2026-03-09T15:30:59.517789,Cash Counting,Cash Counting,Medium,0.0,0,Timeout,45.0,0
2026-03-09T15:30:59.602226,Cash Counting,Cash Counting,Medium,0.0,0,Timeout,45.0,0
2026-03-09T15:30:59.678028,Cash Counting,Cash Counting,Medium,0.0,0,Timeout,45.0,0
2026-03-09T15:30:59.746257,Cash Counting,Cash Counting,Medium,0.0,0,Timeout,45.0,0
2026-03-09T15:30:59.813738,Cash Counting,Cash Counting,Medium,0.0,0,Timeout,45.0,0
2026-03-09T15:30:59.896191,Cash Counting,Cash Counting,Medium,0.0,0,Timeout,45.0,0
2026-03-09T15:30:59.965133,Cash Counting,Cash Counting,Medium,0.0,0,Timeout,45.0,0
2026-03-09T15:31:00.033042,Cash Counting,Cash Counting,Medium,0.0,0,Timeout,45.0,0
2026-03-09T15:31:00.093931,Cash Counting,Cash Counting,Medium,0.0,0,Timeout,45.0,0
2026-03-09T15:31:00.159095,Cash Counting,Cash Counting,Medium,0.0,0,Timeout,45.0,0
2026-03-09T15:31:00.246558,Cash Counting,Cash Counting,Medium,0.0,0,Timeout,45.0,0
2026-03-09T15:31:00.339170,Cash Counting,Cash Counting,Medium,0.0,0,Timeout,45.0,0
2026-03-09T15:31:00.439926,Cash Counting,Cash Counting,Medium,0.0,0,Timeout,45.0,0
2026-03-09T15:31:00.501757,Cash Counting,Cash Counting,Medium,0.0,0,Timeout,45.0,0
2026-03-09T15:31:00.566729,Cash Counting,Cash Counting,Medium,0.0,0,Timeout,45.0,0
2026-03-09T15:31:00.691923,Cash Counting,Cash Counting,Medium,0.0,0,Timeout,45.0,0
2026-03-09T15:31:00.774876,Cash Counting,Cash Counting,Medium,0.0,0,Timeout,45.0,0
2026-03-09T15:31:00.850677,Cash Counting,Cash Counting,Medium,0.0,0,Timeout,45.0,0
2026-03-09T15:31:00.930223,Cash Counting,Cash Counting,Medium,0.0,0,Timeout,45.0,0
2026-03-09T15:31:01.009416,Cash Counting,Cash Counting,Medium,0.0,0,Timeout,45.0,0
2026-03-09T15:31:01.073866,Cash Counting,Cash Counting,Medium,0.0,0,Timeout,45.0,0
2026-03-09T15:31:01.190301,Cash Counting,Cash Counting,Medium,0.0,0,Timeout,45.0,0
2026-03-09T15:31:01.380585,Cash Counting,Cash Counting,Medium,0.0,0,Timeout,45.0,0
2026-03-09T15:31:01.513686,Cash Counting,Cash Counting,Medium,0.0,0,Timeout,45.0,0
2026-03-09T15:31:01.627680,Cash Counting,Cash Counting,Medium,0.0,0,Timeout,45.0,0
2026-03-09T15:31:01.729772,Cash Counting,Cash Counting,Medium,0.0,0,Timeout,45.0,0
2026-03-09T15:31:01.832726,Cash Counting,Cash Counting,Medium,0.0,0,Timeout,45.0,0
2026-03-09T15:31:01.922182,Cash Counting,Cash Counting,Medium,0.0,0,Timeout,45.0,0
2026-03-09T15:31:02.011239,Cash Counting,Cash Counting,Medium,0.0,0,Timeout,45.0,0
2026-03-09T15:31:02.133959,Cash Counting,Cash Counting,Medium,0.0,0,Timeout,45.0,0
2026-03-09T15:31:02.191675,Cash Counting,Cash Counting,Medium,0.0,0,Timeout,45.0,0
2026-03-09T15:31:02.252059,Cash Counting,Cash Counting,Medium,0.0,0,Timeout,45.0,0
2026-03-09T15:31:02.352421,Cash Counting,Cash Counting,Medium,0.0,0,Timeout,45.0,0
2026-03-09T15:31:02.412049,Cash Counting,Cash Counting,Medium,0.0,0,Timeout,45.0,0
2026-03-09T15:31:02.468168,Cash Counting,Cash Counting,Medium,0.0,0,Timeout,45.0,0
2026-03-09T15:31:02.527777,Cash Counting,Cash Counting,Medium,0.0,0,Timeout,45.0,0
2026-03-09T15:31:02.581669,Cash Counting,Cash Counting,Medium,0.0,0,Timeout,45.0,0
2026-03-09T15:31:02.640103,Cash Counting,Cash Counting,Medium,0.0,0,Timeout,45.0,0
2026-03-09T15:31:02.705050,Cash Counting,Cash Counting,Medium,0.0,0,Timeout,45.0,0
2026-03-09T15:31:02.767060,Cash Counting,Cash Counting,Medium,0.0,0,Timeout,45.0,0
2026-03-09T15:31:02.821918,Cash Counting,Cash Counting,Medium,0.0,0,Timeout,45.0,0
2026-03-09T15:31:02.878422,Cash Counting,Cash Counting,Medium,0.0,0,Timeout,45.0,0
2026-03-09T15:31:02.932062,Cash Counting,Cash Counting,Medium,0.0,0,Timeout,45.0,0
2026-03-09T15:31:02.990674,Cash Counting,Cash Counting,Medium,0.0,0,Timeout,45.0,0
2026-03-09T15:31:03.046761,Cash Counting,Cash Counting,Medium,0.0,0,Timeout,45.0,0
2026-03-09T15:31:03.103961,Cash Counting,Cash Counting,Medium,0.0,0,Timeout,45.0,0
2026-03-09T15:31:03.157939,Cash Counting,Cash Counting,Medium,0.0,0,Timeout,45.0,0
2026-03-09T15:31:03.214738,Cash Counting,Cash Counting,Medium,0.0,0,Timeout,45.0,0
2026-03-09T15:31:03.269328,Cash Counting,Cash Counting,Medium,0.0,0,Timeout,45.0,0
2026-03-09T15:31:03.364122,Cash Counting,Cash Counting,Medium,0.0,0,Timeout,45.0,0
2026-03-09T15:31:03.423773,Cash Counting,Cash Counting,Medium,0.0,0,Timeout,45.0,0
2026-03-09T15:31:03.476921,Cash Counting,Cash Counting,Medium,0.0,0,Timeout,45.0,0
2026-03-09T15:31:03.530337,Cash Counting,Cash Counting,Medium,0.0,0,Timeout,45.0,0
2026-03-09T15:31:03.585044,Cash Counting,Cash Counting,Medium,0.0,0,Timeout,45.0,0
2026-03-09T15:31:03.643235,Cash Counting,Cash Counting,Medium,0.0,0,Timeout,45.0,0
2026-03-09T15:31:03.698432,Cash Counting,Cash Counting,Medium,0.0,0,Timeout,45.0,0
2026-03-09T15:31:03.758093,Cash Counting,Cash Counting,Medium,0.0,0,Timeout,45.0,0
2026-03-09T15:31:03.811935,Cash Counting,Cash Counting,Medium,0.0,0,Timeout,45.0,0
2026-03-09T15:31:03.868782,Cash Counting,Cash Counting,Medium,0.0,0,Timeout,45.0,0
2026-03-09T15:31:03.925160,Cash Counting,Cash Counting,Medium,0.0,0,Timeout,45.0,0
2026-03-09T15:31:03.980877,Cash Counting,Cash Counting,Medium,0.0,0,Timeout,45.0,0
2026-03-09T15:31:04.080054,Cash Counting,Cash Counting,Medium,0.0,0,Timeout,45.0,0
2026-03-09T15:31:04.135802,Cash Counting,Cash Counting,Medium,0.0,0,Timeout,45.0,0
2026-03-09T15:31:04.191707,Cash Counting,Cash Counting,Medium,0.0,0,Timeout,45.0,0
2026-03-09T15:31:04.246390,Cash Counting,Cash Counting,Medium,0.0,0,Timeout,45.0,0
2026-03-09T15:31:04.301035,Cash Counting,Cash Counting,Medium,0.0,0,Timeout,45.0,0
2026-03-09T15:31:04.353879,Cash Counting,Cash Counting,Medium,0.0,0,Timeout,45.0,0
2026-03-09T15:31:04.413240,Cash Counting,Cash Counting,Medium,0.0,0,Timeout,45.0,0
2026-03-09T15:31:04.467415,Cash Counting,Cash Counting,Medium,0.0,0,Timeout,45.0,0
2026-03-09T15:31:04.526737,Cash Counting,Cash Counting,Medium,0.0,0,Timeout,45.0,0
2026-03-09T15:31:04.581178,Cash Counting,Cash Counting,Medium,0.0,0,Timeout,45.0,0
2026-03-09T15:31:04.641955,Cash Counting,Cash Counting,Medium,0.0,0,Timeout,45.0,0
2026-03-09T15:31:04.699356,Cash Counting,Cash Counting,Medium,0.0,0,Timeout,45.0,0
2026-03-09T15:31:04.757553,Cash Counting,Cash Counting,Medium,0.0,0,Timeout,45.0,0
2026-03-09T15:31:04.814006,Cash Counting,Cash Counting,Medium,0.0,0,Timeout,45.0,0
2026-03-09T15:31:04.869849,Cash Counting,Cash Counting,Medium,0.0,0,Timeout,45.0,0
2026-03-09T15:31:04.927363,Cash Counting,Cash Counting,Medium,0.0,0,Timeout,45.0,0
2026-03-09T15:31:04.984825,Cash Counting,Cash Counting,Medium,0.0,0,Timeout,45.0,0
2026-03-09T15:31:05.055154,Cash Counting,Cash Counting,Medium,0.0,0,Timeout,45.0,0
2026-03-09T15:31:05.114165,Cash Counting,Cash Counting,Medium,0.0,0,Timeout,45.0,0
2026-03-09T15:31:05.169402,Cash Counting,Cash Counting,Medium,0.0,0,Timeout,45.0,0
2026-03-09T15:31:05.227979,Cash Counting,Cash Counting,Medium,0.0,0,Timeout,45.0,0
2026-03-09T15:31:05.284983,Cash Counting,Cash Counting,Medium,0.0,0,Timeout,45.0,0
2026-03-09T15:31:05.341941,Cash Counting,Cash Counting,Medium,0.0,0,Timeout,45.0,0
2026-03-09T15:31:05.400558,Cash Counting,Cash Counting,Medium,0.0,0,Timeout,45.0,0
2026-03-09T15:31:05.460646,Cash Counting,Cash Counting,Medium,0.0,0,Timeout,45.0,0
2026-03-09T15:31:05.519040,Cash Counting,Cash Counting,Medium,0.0,0,Timeout,45.0,0
2026-03-09T15:31:05.576020,Cash Counting,Cash Counting,Medium,0.0,0,Timeout,45.0,0
2026-03-09T15:31:05.630209,Cash Counting,Cash Counting,Medium,0.0,0,Timeout,45.0,0
2026-03-09T15:31:05.686225,Cash Counting,Cash Counting,Medium,0.0,0,Timeout,45.0,0
2026-03-09T15:31:05.740451,Cash Counting,Cash Counting,Medium,0.0,0,Timeout,45.0,0
2026-03-09T15:31:05.795931,Cash Counting,Cash Counting,Medium,0.0,0,Timeout,45.0,0
2026-03-09T15:31:05.855809,Cash Counting,Cash Counting,Medium,0.0,0,Timeout,45.0,0
2026-03-09T15:31:05.912437,Cash Counting,Cash Counting,Medium,0.0,0,Timeout,45.0,0
2026-03-09T15:31:05.971674,Cash Counting,Cash Counting,Medium,0.0,0,Timeout,45.0,0
2026-03-09T15:31:06.029415,Cash Counting,Cash Counting,Medium,0.0,0,Timeout,45.0,0
2026-03-09T15:31:06.082441,Cash Counting,Cash Counting,Medium,0.0,0,Timeout,45.0,0
2026-03-09T15:31:06.138355,Cash Counting,Cash Counting,Medium,0.0,0,Timeout,45.0,0
2026-03-09T15:31:06.197191,Cash Counting,Cash Counting,Medium,0.0,0,Timeout,45.0,0
2026-03-09T15:31:06.252810,Cash Counting,Cash Counting,Medium,0.0,0,Timeout,45.0,0
2026-03-09T15:31:06.309705,Cash Counting,Cash Counting,Medium,0.0,0,Timeout,45.0,0
2026-03-09T15:31:06.368880,Cash Counting,Cash Counting,Medium,0.0,0,Timeout,45.0,0
2026-03-09T15:31:06.428221,Cash Counting,Cash Counting,Medium,0.0,0,Timeout,45.0,0
2026-03-09T15:31:06.483988,Cash Counting,Cash Counting,Medium,0.0,0,Timeout,45.0,0
2026-03-09T15:31:06.542772,Cash Counting,Cash Counting,Medium,0.0,0,Timeout,45.0,0
2026-03-09T15:31:06.595541,Cash Counting,Cash Counting,Medium,0.0,0,Timeout,45.0,0
2026-03-09T15:31:06.654255,Cash Counting,Cash Counting,Medium,0.0,0,Timeout,45.0,0
2026-03-09T15:31:06.713494,Cash Counting,Cash Counting,Medium,0.0,0,Timeout,45.0,0
2026-03-09T15:31:06.771835,Cash Counting,Cash Counting,Medium,0.0,0,Timeout,45.0,0
2026-03-09T15:31:06.832103,Cash Counting,Cash Counting,Medium,0.0,0,Timeout,45.0,0
2026-03-09T15:31:06.885894,Cash Counting,Cash Counting,Medium,0.0,0,Timeout,45.0,0
2026-03-09T15:31:06.944771,Cash Counting,Cash Counting,Medium,0.0,0,Timeout,45.0,0
2026-03-09T15:31:07.002012,Cash Counting,Cash Counting,Medium,0.0,0,Timeout,45.0,0
2026-03-09T15:31:07.066011,Cash Counting,Cash Counting,Medium,0.0,0,Timeout,45.0,0
2026-03-09T15:31:07.123459,Cash Counting,Cash Counting,Medium,0.0,0,Timeout,45.0,0
2026-03-09T15:31:07.180148,Cash Counting,Cash Counting,Medium,0.0,0,Timeout,45.0,0
2026-03-09T15:31:07.235239,Cash Counting,Cash Counting,Medium,0.0,0,Timeout,45.0,0
2026-03-09T15:31:07.293635,Cash Counting,Cash Counting,Medium,0.0,0,Timeout,45.0,0
2026-03-09T15:31:07.347009,Cash Counting,Cash Counting,Medium,0.0,0,Timeout,45.0,0
2026-03-09T15:31:07.410221,Cash Counting,Cash Counting,Medium,0.0,0,Timeout,45.0,0
2026-03-09T15:31:07.468524,Cash Counting,Cash Counting,Medium,0.0,0,Timeout,45.0,0
2026-03-09T15:31:07.528787,Cash Counting,Cash Counting,Medium,0.0,0,Timeout,45.0,0
2026-03-09T15:31:07.583996,Cash Counting,Cash Counting,Medium,0.0,0,Timeout,45.0,0
2026-03-09T15:31:07.650640,Cash Counting,Cash Counting,Medium,0.0,0,Timeout,45.0,0
2026-03-09T15:31:07.704954,Cash Counting,Cash Counting,Medium,0.0,0,Timeout,45.0,0
2026-03-09T15:31:07.765006,Cash Counting,Cash Counting,Medium,0.0,0,Timeout,45.0,0
2026-03-09T15:31:07.819420,Cash Counting,Cash Counting,Medium,0.0,0,Timeout,45.0,0
2026-03-09T15:31:07.878277,Cash Counting,Cash Counting,Medium,0.0,0,Timeout,45.0,0
2026-03-09T15:31:07.935051,Cash Counting,Cash Counting,Medium,0.0,0,Timeout,45.0,0
2026-03-09T15:31:07.991983,Cash Counting,Cash Counting,Medium,0.0,0,Timeout,45.0,0
2026-03-09T15:31:08.050859,Cash Counting,Cash Counting,Medium,0.0,0,Timeout,45.0,0
2026-03-09T15:31:08.110043,Cash Counting,Cash Counting,Medium,0.0,0,Timeout,45.0,0
2026-03-09T15:31:08.163958,Cash Counting,Cash Counting,Medium,0.0,0,Timeout,45.0,0
2026-03-09T15:31:08.220150,Cash Counting,Cash Counting,Medium,0.0,0,Timeout,45.0,0
2026-03-09T15:31:08.279097,Cash Counting,Cash Counting,Medium,0.0,0,Timeout,45.0,0
2026-03-09T15:31:08.335010,Cash Counting,Cash Counting,Medium,0.0,0,Timeout,45.0,0
2026-03-09T15:31:08.389220,Cash Counting,Cash Counting,Medium,0.0,0,Timeout,45.0,0
2026-03-09T15:31:08.448048,Cash Counting,Cash Counting,Medium,0.0,0,Timeout,45.0,0
2026-03-09T15:31:08.510056,Cash Counting,Cash Counting,Medium,0.0,0,Timeout,45.0,0
2026-03-09T15:31:08.566906,Cash Counting,Cash Counting,Medium,0.0,0,Timeout,45.0,0
2026-03-09T15:31:08.622083,Cash Counting,Cash Counting,Medium,0.0,0,Timeout,45.0,0
2026-03-09T15:31:08.678687,Cash Counting,Cash Counting,Medium,0.0,0,Timeout,45.0,0
2026-03-09T15:31:08.741013,Cash Counting,Cash Counting,Medium,0.0,0,Timeout,45.0,0
2026-03-09T15:31:08.798600,Cash Counting,Cash Counting,Medium,0.0,0,Timeout,45.0,0
2026-03-09T15:31:08.850639,Cash Counting,Cash Counting,Medium,0.0,0,Timeout,45.0,0
2026-03-09T15:31:08.909476,Cash Counting,Cash Counting,Medium,0.0,0,Timeout,45.0,0
2026-03-09T15:31:08.965801,Cash Counting,Cash Counting,Medium,0.0,0,Timeout,45.0,0
2026-03-09T15:31:09.022034,Cash Counting,Cash Counting,Medium,0.0,0,Timeout,45.0,0
2026-03-09T15:31:09.075882,Cash Counting,Cash Counting,Medium,0.0,0,Timeout,45.0,0
2026-03-09T15:31:09.128603,Cash Counting,Cash Counting,Medium,0.0,0,Timeout,45.0,0
2026-03-09T15:31:09.185093,Cash Counting,Cash Counting,Medium,0.0,0,Timeout,45.0,0
2026-03-09T15:31:09.242921,Cash Counting,Cash Counting,Medium,0.0,0,Timeout,45.0,0
2026-03-09T15:31:09.296478,Cash Counting,Cash Counting,Medium,0.0,0,Timeout,45.0,0
2026-03-09T15:31:09.349435,Cash Counting,Cash Counting,Medium,0.0,0,Timeout,45.0,0
2026-03-09T15:31:09.402364,Cash Counting,Cash Counting,Medium,0.0,0,Timeout,45.0,0
2026-03-09T15:31:09.507294,Cash Counting,Cash Counting,Medium,0.0,0,Timeout,45.0,0
2026-03-09T15:31:09.595779,Cash Counting,Cash Counting,Medium,0.0,0,Timeout,45.0,0
2026-03-09T15:31:09.666538,Cash Counting,Cash Counting,Medium,0.0,0,Timeout,45.0,0
2026-03-09T15:31:09.729947,Cash Counting,Cash Counting,Medium,0.0,0,Timeout,45.0,0
2026-03-09T15:31:09.794814,Cash Counting,Cash Counting,Medium,0.0,0,Timeout,45.0,0
2026-03-09T15:31:09.879071,Cash Counting,Cash Counting,Medium,0.0,0,Timeout,45.0,0
2026-03-09T15:31:09.959445,Cash Counting,Cash Counting,Medium,0.0,0,Timeout,45.0,0
2026-03-09T15:31:10.028914,Cash Counting,Cash Counting,Medium,0.0,0,Timeout,45.0,0
2026-03-09T15:31:10.092947,Cash Counting,Cash Counting,Medium,0.0,0,Timeout,45.0,0
2026-03-09T15:31:10.152089,Cash Counting,Cash Counting,Medium,0.0,0,Timeout,45.0,0
2026-03-09T15:31:10.216325,Cash Counting,Cash Counting,Medium,0.0,0,Timeout,45.0,0
2026-03-09T15:31:10.270037,Cash Counting,Cash Counting,Medium,0.0,0,Timeout,45.0,0
2026-03-09T15:31:10.321993,Cash Counting,Cash Counting,Medium,0.0,0,Timeout,45.0,0
2026-03-09T15:31:10.380614,Cash Counting,Cash Counting,Medium,0.0,0,Timeout,45.0,0
2026-03-09T15:31:10.469877,Cash Counting,Cash Counting,Medium,0.0,0,Timeout,45.0,0
2026-03-09T15:31:10.540240,Cash Counting,Cash Counting,Medium,0.0,0,Timeout,45.0,0
2026-03-09T15:31:10.643459,Cash Counting,Cash Counting,Medium,0.0,0,Timeout,45.0,0
2026-03-09T15:31:10.720973,Cash Counting,Cash Counting,Medium,0.0,0,Timeout,45.0,0
2026-03-09T15:31:10.810612,Cash Counting,Cash Counting,Medium,0.0,0,Timeout,45.0,0
2026-03-09T15:31:10.891905,Cash Counting,Cash Counting,Medium,0.0,0,Timeout,45.0,0
2026-03-09T15:31:10.979939,Cash Counting,Cash Counting,Medium,0.0,0,Timeout,45.0,0
2026-03-09T15:31:11.067466,Cash Counting,Cash Counting,Medium,0.0,0,Timeout,45.0,0
2026-03-09T15:31:11.162835,Cash Counting,Cash Counting,Medium,0.0,0,Timeout,45.0,0
2026-03-09T15:31:11.260367,Cash Counting,Cash Counting,Medium,0.0,0,Timeout,45.0,0
2026-03-09T15:31:11.322914,Cash Counting,Cash Counting,Medium,0.0,0,Timeout,45.0,0
2026-03-09T15:31:11.392709,Cash Counting,Cash Counting,Medium,0.0,0,Timeout,45.0,0
2026-03-09T15:31:11.456261,Cash Counting,Cash Counting,Medium,0.0,0,Timeout,45.0,0
2026-03-09T15:31:11.525100,Cash Counting,Cash Counting,Medium,0.0,0,Timeout,45.0,0
2026-03-09T15:31:11.590434,Cash Counting,Cash Counting,Medium,0.0,0,Timeout,45.0,0
2026-03-09T15:31:11.663182,Cash Counting,Cash Counting,Medium,0.0,0,Timeout,45.0,0
2026-03-09T15:31:11.736115,Cash Counting,Cash Counting,Medium,0.0,0,Timeout,45.0,0
2026-03-09T15:31:11.847153,Cash Counting,Cash Counting,Medium,0.0,0,Timeout,45.0,0
2026-03-09T15:31:11.953389,Cash Counting,Cash Counting,Medium,0.0,0,Timeout,45.0,0
2026-03-09T15:31:12.079850,Cash Counting,Cash Counting,Medium,0.0,0,Timeout,45.0,0
2026-03-09T15:31:12.184756,Cash Counting,Cash Counting,Medium,0.0,0,Timeout,45.0,0
2026-03-09T15:31:12.284406,Cash Counting,Cash Counting,Medium,0.0,0,Timeout,45.0,0
2026-03-09T15:31:12.378811,Cash Counting,Cash Counting,Medium,0.0,0,Timeout,45.0,0
2026-03-09T15:31:12.472456,Cash Counting,Cash Counting,Medium,0.0,0,Timeout,45.0,0
2026-03-09T15:31:12.579011,Cash Counting,Cash Counting,Medium,0.0,0,Timeout,45.0,0
2026-03-09T15:31:12.666149,Cash Counting,Cash Counting,Medium,0.0,0,Timeout,45.0,0
2026-03-09T15:31:12.732939,Cash Counting,Cash Counting,Medium,0.0,0,Timeout,45.0,0
2026-03-09T15:31:12.802872,Cash Counting,Cash Counting,Medium,0.0,0,Timeout,45.0,0
2026-03-09T15:31:12.868734,Cash Counting,Cash Counting,Medium,0.0,0,Timeout,45.0,0
2026-03-09T15:31:12.936224,Cash Counting,Cash Counting,Medium,0.0,0,Timeout,45.0,0
2026-03-09T15:31:12.999483,Cash Counting,Cash Counting,Medium,0.0,0,Timeout,45.0,0
2026-03-09T15:31:13.064397,Cash Counting,Cash Counting,Medium,0.0,0,Timeout,45.0,0
2026-03-09T15:31:13.130386,Cash Counting,Cash Counting,Medium,0.0,0,Timeout,45.0,0
2026-03-09T15:31:13.195937,Cash Counting,Cash Counting,Medium,0.0,0,Timeout,45.0,0
2026-03-09T15:31:13.260318,Cash Counting,Cash Counting,Medium,0.0,0,Timeout,45.0,0
2026-03-09T15:31:14.499741,Cash Counting,Cash Counting,Medium,0.0,0,Timeout,45.0,0
2026-03-09T15:31:14.557779,Cash Counting,Cash Counting,Medium,0.0,0,Timeout,45.0,0
2026-03-09T15:31:14.613205,Cash Counting,Cash Counting,Medium,0.0,0,Timeout,45.0,0
2026-03-09T15:31:14.667832,Cash Counting,Cash Counting,Medium,0.0,0,Timeout,45.0,0
2026-03-09T15:31:14.727395,Cash Counting,Cash Counting,Medium,0.0,0,Timeout,45.0,0
2026-03-09T15:31:14.783334,Cash Counting,Cash Counting,Medium,0.0,0,Timeout,45.0,0
2026-03-09T15:31:14.842334,Cash Counting,Cash Counting,Medium,0.0,0,Timeout,45.0,0
2026-03-09T15:31:14.899123,Cash Counting,Cash Counting,Medium,0.0,0,Timeout,45.0,0
2026-03-09T15:31:14.956998,Cash Counting,Cash Counting,Medium,0.0,0,Timeout,45.0,0
2026-03-09T15:31:15.012602,Cash Counting,Cash Counting,Medium,0.0,0,Timeout,45.0,0
2026-03-09T15:31:15.071334,Cash Counting,Cash Counting,Medium,0.0,0,Timeout,45.0,0
2026-03-09T15:31:15.131875,Cash Counting,Cash Counting,Medium,0.0,0,Timeout,45.0,0
2026-03-09T15:31:15.192064,Cash Counting,Cash Counting,Medium,0.0,0,Timeout,45.0,0
2026-03-09T15:31:15.249553,Cash Counting,Cash Counting,Medium,0.0,0,Timeout,45.0,0
2026-03-09T15:31:15.311946,Cash Counting,Cash Counting,Medium,0.0,0,Timeout,45.0,0
2026-03-09T15:31:15.366441,Cash Counting,Cash Counting,Medium,0.0,0,Timeout,45.0,0
2026-03-09T15:31:15.427736,Cash Counting,Cash Counting,Medium,0.0,0,Timeout,45.0,0
2026-03-09T15:31:15.484963,Cash Counting,Cash Counting,Medium,0.0,0,Timeout,45.0,0
2026-03-09T15:31:15.543353,Cash Counting,Cash Counting,Medium,0.0,0,Timeout,45.0,0
2026-03-09T15:31:15.606876,Cash Counting,Cash Counting,Medium,0.0,0,Timeout,45.0,0
2026-03-09T15:31:15.662727,Cash Counting,Cash Counting,Medium,0.0,0,Timeout,45.0,0
2026-03-09T15:31:15.715153,Cash Counting,Cash Counting,Medium,0.0,0,Timeout,45.0,0
2026-03-09T15:31:15.768311,Cash Counting,Cash Counting,Medium,0.0,0,Timeout,45.0,0
2026-03-09T15:31:15.823995,Cash Counting,Cash Counting,Medium,0.0,0,Timeout,45.0,0
2026-03-09T15:31:15.880047,Cash Counting,Cash Counting,Medium,0.0,0,Timeout,45.0,0
2026-03-09T15:31:15.934169,Cash Counting,Cash Counting,Medium,0.0,0,Timeout,45.0,0
2026-03-09T15:31:15.993291,Cash Counting,Cash Counting,Medium,0.0,0,Timeout,45.0,0
2026-03-09T15:31:16.050216,Cash Counting,Cash Counting,Medium,0.0,0,Timeout,45.0,0
2026-03-09T15:31:16.104913,Cash Counting,Cash Counting,Medium,0.0,0,Timeout,45.0,0
2026-03-09T15:31:16.161966,Cash Counting,Cash Counting,Medium,0.0,0,Timeout,45.0,0
2026-03-09T15:31:16.218839,Cash Counting,Cash Counting,Medium,0.0,0,Timeout,45.0,0
2026-03-09T15:31:16.274970,Cash Counting,Cash Counting,Medium,0.0,0,Timeout,45.0,0
2026-03-09T15:31:16.329267,Cash Counting,Cash Counting,Medium,0.0,0,Timeout,45.0,0
2026-03-09T15:31:16.380581,Cash Counting,Cash Counting,Medium,0.0,0,Timeout,45.0,0
2026-03-09T15:31:16.436987,Cash Counting,Cash Counting,Medium,0.0,0,Timeout,45.0,0
2026-03-09T15:31:16.495736,Cash Counting,Cash Counting,Medium,0.0,0,Timeout,45.0,0
2026-03-09T15:31:16.549434,Cash Counting,Cash Counting,Medium,0.0,0,Timeout,45.0,0
2026-03-09T15:31:16.605887,Cash Counting,Cash Counting,Medium,0.0,0,Timeout,45.0,0
2026-03-09T15:31:16.660394,Cash Counting,Cash Counting,Medium,0.0,0,Timeout,45.0,0
2026-03-09T15:31:16.714373,Cash Counting,Cash Counting,Medium,0.0,0,Timeout,45.0,0
2026-03-09T15:31:16.773694,Cash Counting,Cash Counting,Medium,0.0,0,Timeout,45.0,0
2026-03-09T15:31:16.837300,Cash Counting,Cash Counting,Medium,0.0,0,Timeout,45.0,0
2026-03-09T15:31:16.898277,Cash Counting,Cash Counting,Medium,0.0,0,Timeout,45.0,0
2026-03-09T15:31:16.962361,Cash Counting,Cash Counting,Medium,0.0,0,Timeout,45.0,0
2026-03-09T15:31:17.020113,Cash Counting,Cash Counting,Medium,0.0,0,Timeout,45.0,0
2026-03-09T15:31:17.080976,Cash Counting,Cash Counting,Medium,0.0,0,Timeout,45.0,0
2026-03-09T15:31:17.140744,Cash Counting,Cash Counting,Medium,0.0,0,Timeout,45.0,0
2026-03-09T15:31:17.200252,Cash Counting,Cash Counting,Medium,0.0,0,Timeout,45.0,0
2026-03-09T15:31:17.264110,Cash Counting,Cash Counting,Medium,0.0,0,Timeout,45.0,0
2026-03-09T15:31:17.323872,Cash Counting,Cash Counting,Medium,0.0,0,Timeout,45.0,0
2026-03-09T15:31:17.385764,Cash Counting,Cash Counting,Medium,0.0,0,Timeout,45.0,0
2026-03-09T15:31:17.442872,Cash Counting,Cash Counting,Medium,0.0,0,Timeout,45.0,0
2026-03-09T15:31:17.505780,Cash Counting,Cash Counting,Medium,0.0,0,Timeout,45.0,0
2026-03-09T15:31:17.565562,Cash Counting,Cash Counting,Medium,0.0,0,Timeout,45.0,0
2026-03-09T15:31:17.628780,Cash Counting,Cash Counting,Medium,0.0,0,Timeout,45.0,0
2026-03-09T15:31:17.696616,Cash Counting,Cash Counting,Medium,0.0,0,Timeout,45.0,0
2026-03-09T15:31:17.761059,Cash Counting,Cash Counting,Medium,0.0,0,Timeout,45.0,0
2026-03-09T15:31:17.829131,Cash Counting,Cash Counting,Medium,0.0,0,Timeout,45.0,0
2026-03-09T15:31:17.891675,Cash Counting,Cash Counting,Medium,0.0,0,Timeout,45.0,0
2026-03-09T15:31:17.949485,Cash Counting,Cash Counting,Medium,0.0,0,Timeout,45.0,0
2026-03-09T15:31:18.007815,Cash Counting,Cash Counting,Medium,0.0,0,Timeout,45.0,0
2026-03-09T15:31:18.067048,Cash Counting,Cash Counting,Medium,0.0,0,Timeout,45.0,0
2026-03-09T15:31:18.130580,Cash Counting,Cash Counting,Medium,0.0,0,Timeout,45.0,0
2026-03-09T15:31:18.192065,Cash Counting,Cash Counting,Medium,0.0,0,Timeout,45.0,0
2026-03-09T15:31:18.249156,Cash Counting,Cash Counting,Medium,0.0,0,Timeout,45.0,0
2026-03-09T15:31:18.307630,Cash Counting,Cash Counting,Medium,0.0,0,Timeout,45.0,0
2026-03-09T15:31:18.366950,Cash Counting,Cash Counting,Medium,0.0,0,Timeout,45.0,0
2026-03-09T15:31:18.427005,Cash Counting,Cash Counting,Medium,0.0,0,Timeout,45.0,0
2026-03-09T15:31:18.484676,Cash Counting,Cash Counting,Medium,0.0,0,Timeout,45.0,0
2026-03-09T15:31:18.545347,Cash Counting,Cash Counting,Medium,0.0,0,Timeout,45.0,0
2026-03-09T15:31:18.603489,Cash Counting,Cash Counting,Medium,0.0,0,Timeout,45.0,0
2026-03-09T15:31:18.662148,Cash Counting,Cash Counting,Medium,0.0,0,Timeout,45.0,0
2026-03-09T15:31:18.722027,Cash Counting,Cash Counting,Medium,0.0,0,Timeout,45.0,0
2026-03-09T15:31:18.783059,Cash Counting,Cash Counting,Medium,0.0,0,Timeout,45.0,0
2026-03-09T15:31:18.837161,Cash Counting,Cash Counting,Medium,0.0,0,Timeout,45.0,0
2026-03-09T15:31:18.896007,Cash Counting,Cash Counting,Medium,0.0,0,Timeout,45.0,0
2026-03-09T15:31:18.950715,Cash Counting,Cash Counting,Medium,0.0,0,Timeout,45.0,0
2026-03-09T15:31:19.009702,Cash Counting,Cash Counting,Medium,0.0,0,Timeout,45.0,0
2026-03-09T15:31:19.067825,Cash Counting,Cash Counting,Medium,0.0,0,Timeout,45.0,0
2026-03-09T15:31:19.129017,Cash Counting,Cash Counting,Medium,0.0,0,Timeout,45.0,0
2026-03-09T15:31:19.188359,Cash Counting,Cash Counting,Medium,0.0,0,Timeout,45.0,0
2026-03-09T15:31:19.251012,Cash Counting,Cash Counting,Medium,0.0,0,Timeout,45.0,0
2026-03-09T15:31:19.316007,Cash Counting,Cash Counting,Medium,0.0,0,Timeout,45.0,0
2026-03-09T15:31:19.377200,Cash Counting,Cash Counting,Medium,0.0,0,Timeout,45.0,0
2026-03-09T15:31:19.435479,Cash Counting,Cash Counting,Medium,0.0,0,Timeout,45.0,0
2026-03-09T15:31:19.493920,Cash Counting,Cash Counting,Medium,0.0,0,Timeout,45.0,0
2026-03-09T15:31:19.546878,Cash Counting,Cash Counting,Medium,0.0,0,Timeout,45.0,0
2026-03-09T15:31:19.602286,Cash Counting,Cash Counting,Medium,0.0,0,Timeout,45.0,0
2026-03-09T15:31:19.665467,Cash Counting,Cash Counting,Medium,0.0,0,Timeout,45.0,0
2026-03-09T15:31:19.720900,Cash Counting,Cash Counting,Medium,0.0,0,Timeout,45.0,0
2026-03-09T15:31:19.776947,Cash Counting,Cash Counting,Medium,0.0,0,Timeout,45.0,0
2026-03-09T15:31:19.832588,Cash Counting,Cash Counting,Medium,0.0,0,Timeout,45.0,0
2026-03-09T15:31:19.891963,Cash Counting,Cash Counting,Medium,0.0,0,Timeout,45.0,0
2026-03-09T15:31:19.946516,Cash Counting,Cash Counting,Medium,0.0,0,Timeout,45.0,0
2026-03-09T15:31:20.000511,Cash Counting,Cash Counting,Medium,0.0,0,Timeout,45.0,0
2026-03-09T15:31:20.081853,Cash Counting,Cash Counting,Medium,0.0,0,Timeout,45.0,0
2026-03-09T15:31:20.146398,Cash Counting,Cash Counting,Medium,0.0,0,Timeout,45.0,0
2026-03-09T15:31:20.200431,Cash Counting,Cash Counting,Medium,0.0,0,Timeout,45.0,0
2026-03-09T15:31:20.256022,Cash Counting,Cash Counting,Medium,0.0,0,Timeout,45.0,0
2026-03-09T15:31:20.312513,Cash Counting,Cash Counting,Medium,0.0,0,Timeout,45.0,0
2026-03-09T15:31:20.370930,Cash Counting,Cash Counting,Medium,0.0,0,Timeout,45.0,0
2026-03-09T15:31:20.428761,Cash Counting,Cash Counting,Medium,0.0,0,Timeout,45.0,0
2026-03-09T15:31:20.480784,Cash Counting,Cash Counting,Medium,0.0,0,Timeout,45.0,0
2026-03-09T15:31:20.532753,Cash Counting,Cash Counting,Medium,0.0,0,Timeout,45.0,0
2026-03-09T15:31:20.591720,Cash Counting,Cash Counting,Medium,0.0,0,Timeout,45.0,0
2026-03-09T15:31:20.646908,Cash Counting,Cash Counting,Medium,0.0,0,Timeout,45.0,0
2026-03-09T15:31:20.710016,Cash Counting,Cash Counting,Medium,0.0,0,Timeout,45.0,0
2026-03-09T15:31:20.770594,Cash Counting,Cash Counting,Medium,0.0,0,Timeout,45.0,0
2026-03-09T15:31:20.828863,Cash Counting,Cash Counting,Medium,0.0,0,Timeout,45.0,0
2026-03-09T15:31:20.881804,Cash Counting,Cash Counting,Medium,0.0,0,Timeout,45.0,0
2026-03-09T15:31:20.938078,Cash Counting,Cash Counting,Medium,0.0,0,Timeout,45.0,0
2026-03-09T15:31:20.998576,Cash Counting,Cash Counting,Medium,0.0,0,Timeout,45.0,0
2026-03-09T15:31:21.059320,Cash Counting,Cash Counting,Medium,0.0,0,Timeout,45.0,0
2026-03-09T15:31:21.119219,Cash Counting,Cash Counting,Medium,0.0,0,Timeout,45.0,0
2026-03-09T15:31:21.178609,Cash Counting,Cash Counting,Medium,0.0,0,Timeout,45.0,0
2026-03-09T15:31:21.240796,Cash Counting,Cash Counting,Medium,0.0,0,Timeout,45.0,0
2026-03-09T15:31:21.293750,Cash Counting,Cash Counting,Medium,0.0,0,Timeout,45.0,0
2026-03-09T15:31:21.350174,Cash Counting,Cash Counting,Medium,0.0,0,Timeout,45.0,0
2026-03-09T15:31:21.411764,Cash Counting,Cash Counting,Medium,0.0,0,Timeout,45.0,0
2026-03-09T15:31:21.465083,Cash Counting,Cash Counting,Medium,0.0,0,Timeout,45.0,0
2026-03-09T15:31:21.519080,Cash Counting,Cash Counting,Medium,0.0,0,Timeout,45.0,0
2026-03-09T15:31:21.577671,Cash Counting,Cash Counting,Medium,0.0,0,Timeout,45.0,0
2026-03-09T15:31:21.642067,Cash Counting,Cash Counting,Medium,0.0,0,Timeout,45.0,0
2026-03-09T15:31:21.706334,Cash Counting,Cash Counting,Medium,0.0,0,Timeout,45.0,0
2026-03-09T15:31:21.763732,Cash Counting,Cash Counting,Medium,0.0,0,Timeout,45.0,0
2026-03-09T15:31:21.819766,Cash Counting,Cash Counting,Medium,0.0,0,Timeout,45.0,0
2026-03-09T15:31:21.878856,Cash Counting,Cash Counting,Medium,0.0,0,Timeout,45.0,0
